time_s,body_x_m,o1,o2,support_legs
0.05,0,-0.026965,-0.560863,3
0.1,0.006794,-0.150488,-0.536165,3
0.15,0.013497,-0.272357,-0.496868,3
0.2,0.019518,-0.381834,-0.443147,3
0.25,0.024299,-0.468767,-0.375061,3
0.3,0.027555,-0.527972,-0.293051,3
0.35,0.029332,-0.560276,-0.197904,3
0.4,0.029857,-0.569828,-0.090664,3
0.45,0.029857,-0.560889,0.026779,3
0.5,0.031215,-0.536215,0.150297,3
0.55,0.033375,-0.496939,0.272177,3
0.6,0.036328,-0.44324,0.381681,3
0.65,0.040072,-0.375177,0.468654,3
0.7,0.044581,-0.293188,0.527903,3
0.75,0.049813,-0.19806,0.560245,3
0.8,0.05571,-0.090838,0.569828,3
0.85,0.062169,0.026592,0.560915,3
0.9,0.068962,0.150106,0.536264,3
0.95,0.075666,0.271996,0.497011,3
1,0.08169,0.381528,0.443334,3
1.05,0.086476,0.468541,0.375292,3
1.1,0.089737,0.527833,0.293324,3
1.15,0.091518,0.560214,0.198215,3
1.2,0.092047,0.569828,0.091011,3
1.25,0.092047,0.560942,-0.026405,3
1.3,0.093401,0.536313,-0.149915,3
1.35,0.095559,0.497082,-0.271815,3
1.4,0.09851,0.443428,-0.381374,3
1.45,0.102251,0.375408,-0.468428,3
1.5,0.106758,0.29346,-0.527763,3
1.55,0.111988,0.198371,-0.560183,3
1.6,0.117884,0.091184,-0.569829,3
1.65,0.124341,-0.026219,-0.560968,3
1.7,0.131133,-0.149723,-0.536362,3
1.75,0.137839,-0.271634,-0.497153,3
1.8,0.143866,-0.381221,-0.443521,3
1.85,0.148656,-0.468315,-0.375523,3
1.9,0.151922,-0.527694,-0.293597,3
1.95,0.153707,-0.560152,-0.198527,3
2,0.154239,-0.569829,-0.091358,3
2.05,0.154239,-0.560994,0.026032,3
2.1,0.155591,-0.536411,0.149532,3
2.15,0.157747,-0.497225,0.271453,3
2.2,0.160695,-0.443615,0.381068,3
2.25,0.164434,-0.375639,0.468202,3
2.3,0.168939,-0.293733,0.527624,3
2.35,0.174166,-0.198683,0.56012,3
2.4,0.18006,-0.091531,0.569829,3
2.45,0.186515,0.025846,0.56102,3
2.5,0.193308,0.149341,0.536461,3
2.55,0.200014,0.271273,0.497296,3
2.6,0.206044,0.380914,0.443708,3
2.65,0.210839,0.468089,0.375754,3
2.7,0.214109,0.527554,0.293869,3
2.75,0.215899,0.560089,0.198838,3
2.8,0.216435,0.56983,0.091704,3
2.85,0.216435,0.561046,-0.025659,3
2.9,0.217784,0.53651,-0.14915,3
2.95,0.219937,0.497367,-0.271092,3
3,0.222883,0.443802,-0.380761,3
3.05,0.226619,0.375869,-0.467976,3
3.1,0.231122,0.294005,-0.527484,3
3.15,0.236347,0.198994,-0.560058,3
3.2,0.242239,0.091877,-0.56983,3
3.25,0.248693,-0.025472,-0.561072,3
3.3,0.255485,-0.148959,-0.536559,3
3.35,0.262192,-0.270911,-0.497438,3
3.4,0.268226,-0.380608,-0.443895,3
3.45,0.273025,-0.467862,-0.375984,3
3.5,0.2763,-0.527414,-0.294141,3
3.55,0.278094,-0.560026,-0.19915,3
3.6,0.278633,-0.56983,-0.09205,3
3.65,0.278633,-0.561098,0.025286,3
3.7,0.27998,-0.536608,0.148768,3
3.75,0.28213,-0.49751,0.27073,3
3.8,0.285074,-0.443988,0.380454,3
3.85,0.288808,-0.3761,0.467749,3
3.9,0.293308,-0.294278,0.527344,3
3.95,0.298531,-0.199305,0.559995,3
4,0.304421,-0.092224,0.56983,3
4.05,0.310874,0.025099,0.561124,3
4.1,0.317665,0.148577,0.536657,3
4.15,0.324373,0.270549,0.497581,3
4.2,0.33041,0.3803,0.444082,3
4.25,0.335213,0.467635,0.376215,3
4.3,0.338493,0.527274,0.294414,3
4.35,0.340291,0.559964,0.199461,3
4.4,0.340834,0.56983,0.092397,3
4.45,0.340834,0.56115,-0.024913,3
4.5,0.342178,0.536706,-0.148386,3
4.55,0.344326,0.497652,-0.270368,3
4.6,0.347267,0.444175,-0.380147,3
4.65,0.350999,0.37633,-0.467522,3
4.7,0.355497,0.29455,-0.527204,3
4.75,0.360718,0.199616,-0.559932,3
4.8,0.366606,0.09257,-0.56983,3
4.85,0.373057,-0.024726,-0.561176,3
4.9,0.379848,-0.148195,-0.536754,3
4.95,0.386557,-0.270187,-0.497723,3
5,0.392597,-0.379993,-0.444268,3
5.05,0.397405,-0.467408,-0.376445,3
5.1,0.400689,-0.527134,-0.294686,3
5.15,0.402492,-0.5599,-0.199772,3
5.2,0.403038,-0.56983,-0.092743,3
5.25,0.403038,-0.561202,0.02454,3
5.3,0.40438,-0.536803,0.148004,3
5.35,0.406525,-0.497794,0.270006,3
5.4,0.409464,-0.444362,0.379839,3
5.45,0.413193,-0.37656,0.467295,3
5.5,0.417689,-0.294822,0.527063,3
5.55,0.422908,-0.199927,0.559869,3
5.6,0.428793,-0.092916,0.56983,3
5.65,0.435243,0.024353,0.561228,3
5.7,0.442034,0.147813,0.536852,3
5.75,0.448744,0.269825,0.497865,3
5.8,0.454787,0.379686,0.444455,3
5.85,0.459599,0.467181,0.376675,3
5.9,0.462888,0.526993,0.294958,3
5.95,0.464695,0.559837,0.200083,3
6,0.465244,0.56983,0.093089,3
6.05,0.465244,0.561254,-0.024167,3
6.1,0.466584,0.536901,-0.147622,3
6.15,0.468727,0.497936,-0.269643,3
6.2,0.471663,0.444548,-0.379532,3
6.25,0.47539,0.37679,-0.467067,3
6.3,0.479883,0.295094,-0.526922,3
6.35,0.4851,0.200238,-0.559805,3
6.4,0.490984,0.093262,-0.56983,3
6.45,0.497432,-0.023981,-0.561279,3
6.5,0.504222,-0.14743,-0.53695,3
6.55,0.510934,-0.269462,-0.498007,3
6.6,0.516979,-0.379378,-0.444641,3
6.65,0.521796,-0.466953,-0.376905,3
6.7,0.52509,-0.526852,-0.295229,3
6.75,0.526901,-0.559774,-0.200394,3
6.8,0.527454,-0.569829,-0.093435,3
6.85,0.527454,-0.561305,0.023794,3
6.9,0.528791,-0.536998,0.147239,3
6.95,0.530932,-0.498078,0.269281,3
7,0.533865,-0.444734,0.379224,3
7.05,0.53759,-0.37702,0.46684,3
7.1,0.542081,-0.295365,0.526781,3
7.15,0.547296,-0.200549,0.559742,3
7.2,0.553177,-0.093608,0.569829,3
7.25,0.559624,0.023608,0.561331,3
7.3,0.566413,0.147048,0.537047,3
7.35,0.573126,0.2691,0.498149,3
7.4,0.579175,0.37907,0.444827,3
7.45,0.583996,0.466726,0.377135,3
7.5,0.587295,0.526711,0.295501,3
7.55,0.58911,0.55971,0.200704,3
7.6,0.589666,0.569829,0.093781,3
7.65,0.589666,0.561357,-0.023421,3
7.7,0.591001,0.537096,-0.146857,3
7.75,0.593139,0.49822,-0.268919,3
7.8,0.59607,0.44492,-0.378916,3
7.85,0.599792,0.37725,-0.466612,3
7.9,0.604281,0.295637,-0.52664,3
7.95,0.609494,0.20086,-0.559678,3
8,0.615374,0.093954,-0.569829,3
8.05,0.621819,-0.023235,-0.561382,3
8.1,0.628608,-0.146666,-0.537145,3
8.15,0.635322,-0.268737,-0.49829,3
8.2,0.641373,-0.378762,-0.445013,3
8.25,0.646198,-0.466497,-0.377365,3
8.3,0.649502,-0.526569,-0.295773,3
8.35,0.651322,-0.559646,-0.201015,3
8.4,0.651882,-0.569828,-0.094127,3
8.45,0.651882,-0.561408,0.023049,3
8.5,0.653213,-0.537193,0.146475,3
8.55,0.655349,-0.498361,0.268556,3
8.6,0.658278,-0.445106,0.378607,3
8.65,0.661998,-0.37748,0.466383,3
8.7,0.666484,-0.295908,0.526499,3
8.75,0.671695,-0.20117,0.559614,3
8.8,0.677573,-0.094299,0.569828,3
8.85,0.684016,0.022862,0.561433,3
8.9,0.690805,0.146284,0.537242,3
8.95,0.69752,0.268375,0.498432,3
9,0.703574,0.378453,0.445199,3
9.05,0.708404,0.466269,0.377595,3
9.1,0.711713,0.526428,0.296044,3
9.15,0.713536,0.559582,0.201326,3
9.2,0.714099,0.569827,0.094472,3
9.25,0.714099,0.561459,-0.022676,3
9.3,0.715429,0.53729,-0.146093,3
9.35,0.717562,0.498503,-0.268193,3
9.4,0.720489,0.445292,-0.378299,3
9.45,0.724206,0.37771,-0.466155,3
9.5,0.72869,0.29618,-0.526357,3
9.55,0.733898,0.201481,-0.55955,3
9.6,0.739774,0.094645,-0.569827,3
9.65,0.746217,-0.02249,-0.561484,3
9.7,0.753004,-0.145902,-0.537339,3
9.75,0.75972,-0.268012,-0.498573,3
9.8,0.765778,-0.378144,-0.445385,3
9.85,0.770612,-0.46604,-0.377824,3
9.9,0.773925,-0.526286,-0.296315,3
9.95,0.775753,-0.559517,-0.201636,3
10,0.77632,-0.569826,-0.094818,3
10.05,0.77632,-0.56151,0.022303,3
10.1,0.777647,-0.537387,0.14571,3
10.15,0.779778,-0.498644,0.26783,3
10.2,0.782702,-0.445478,0.37799,3
10.25,0.786417,-0.377939,0.465926,3
10.3,0.790898,-0.296451,0.526215,3
10.35,0.796105,-0.201791,0.559485,3
10.4,0.801979,-0.094991,0.569826,3
10.45,0.80842,0.022117,0.561535,3
10.5,0.815207,0.145519,0.537436,3
10.55,0.821924,0.267649,0.498715,3
10.6,0.827984,0.377836,0.44557,3
10.65,0.832823,0.465811,0.378054,3
10.7,0.836141,0.526143,0.296587,3
10.75,0.837973,0.559453,0.201946,3
10.8,0.838544,0.569825,0.095163,3
10.85,0.838544,0.561561,-0.021931,3
10.9,0.839868,0.537484,-0.145328,3
10.95,0.841996,0.498785,-0.267467,3
11,0.844918,0.445663,-0.377681,3
11.05,0.84863,0.378168,-0.465697,3
11.1,0.85311,0.296722,-0.526072,3
11.15,0.858314,0.202101,-0.55942,3
11.2,0.864186,0.095336,-0.569824,3
11.25,0.870625,-0.021745,-0.561586,3
11.3,0.877412,-0.145137,-0.537532,3
11.35,0.88413,-0.267286,-0.498856,3
11.4,0.890193,-0.377527,-0.445756,3
11.45,0.895036,-0.465582,-0.378283,3
11.5,0.898359,-0.526001,-0.296858,3
11.55,0.900196,-0.559388,-0.202256,3
11.6,0.90077,-0.569823,-0.095509,3
11.65,0.90077,-0.561611,0.021558,3
11.7,0.902091,-0.537581,0.144946,3
11.75,0.904217,-0.498926,0.267104,3
11.8,0.907137,-0.445849,0.377372,3
11.85,0.910846,-0.378398,0.465468,3
11.9,0.915324,-0.296993,0.52593,3
11.95,0.920526,-0.202411,0.559355,3
12,0.926396,-0.095681,0.569823,3
12.05,0.932834,0.021372,0.561636,3
12.1,0.93962,0.144755,0.537629,3
12.15,0.946339,0.266923,0.498997,3
12.2,0.952405,0.377217,0.445941,3
12.25,0.957253,0.465353,0.378512,3
12.3,0.960581,0.525858,0.297129,3
12.35,0.962421,0.559323,0.202566,3
12.4,0.962999,0.569822,0.095854,3
12.45,0.962999,0.561662,-0.021186,3
12.5,0.964318,0.537677,-0.144564,3
12.55,0.966441,0.499067,-0.266741,3
12.6,0.969358,0.446034,-0.377063,3
12.65,0.973065,0.378627,-0.465238,3
12.7,0.97754,0.297264,-0.525787,3
12.75,0.98274,0.202721,-0.55929,3
12.8,0.988608,0.096027,-0.569821,3
12.85,0.995045,-0.021,-0.561687,3
12.9,1.00183,-0.144373,-0.537725,3
12.95,1.008551,-0.26656,-0.499137,3
13,1.01462,-0.376908,-0.446127,3
13.05,1.019472,-0.465123,-0.378741,3
13.1,1.022804,-0.525715,-0.297399,3
13.15,1.024649,-0.559258,-0.202876,3
13.2,1.02523,-0.56982,-0.096199,3
13.25,1.02523,-0.561712,0.020814,3
13.3,1.026547,-0.537774,0.144181,3
13.35,1.028668,-0.499208,0.266378,3
13.4,1.031582,-0.446219,0.376753,3
13.45,1.035287,-0.378855,0.465008,3
13.5,1.03976,-0.297535,0.525644,3
13.55,1.044957,-0.203031,0.559225,3
13.6,1.050824,-0.096372,0.569819,3
13.65,1.057259,0.020628,0.561737,3
13.7,1.064044,0.14399,0.537822,3
13.75,1.070765,0.266196,0.499278,3
13.8,1.076837,0.376598,0.446312,3
13.85,1.081693,0.464893,0.37897,3
13.9,1.085031,0.525572,0.29767,3
13.95,1.08688,0.559192,0.203186,3
14,1.087464,0.569818,0.096544,3
14.05,1.087464,0.561762,-0.020441,3
14.1,1.088778,0.53787,-0.143799,3
14.15,1.090897,0.499348,-0.266015,3
14.2,1.093809,0.446404,-0.376443,3
14.25,1.097511,0.379084,-0.464778,3
14.3,1.101982,0.297805,-0.5255,3
14.35,1.107177,0.203341,-0.559159,3
14.4,1.113042,0.096717,-0.569817,3
14.45,1.119475,-0.020255,-0.561787,3
14.5,1.12626,-0.143608,-0.537918,3
14.55,1.132982,-0.265833,-0.499419,3
14.6,1.139057,-0.376288,-0.446497,3
14.65,1.143918,-0.464663,-0.379199,3
14.7,1.14726,-0.525429,-0.297941,3
14.75,1.149113,-0.559126,-0.203496,3
14.8,1.149701,-0.569816,-0.096889,3
14.85,1.149701,-0.561812,0.020069,3
14.9,1.151013,-0.537966,0.143417,3
14.95,1.153129,-0.499489,0.265651,3
15,1.156038,-0.446589,0.376133,3
15.05,1.159738,-0.379313,0.464548,3
15.1,1.164206,-0.298076,0.525357,3
15.15,1.1694,-0.203651,0.559093,3
15.2,1.175262,-0.097062,0.569815,3
15.25,1.181694,0.019883,0.561837,3
15.3,1.188478,0.143226,0.538014,3
15.35,1.195201,0.265469,0.499559,3
15.4,1.201279,0.375978,0.446681,3
15.45,1.206144,0.464432,0.379427,3
15.5,1.209491,0.525285,0.298211,3
15.55,1.211349,0.55906,0.203805,3
15.6,1.21194,0.569814,0.097234,3
15.65,1.21194,0.561862,-0.019697,3
15.7,1.213249,0.538062,-0.143034,3
15.75,1.215363,0.499629,-0.265288,3
15.8,1.21827,0.446774,-0.375823,3
15.85,1.221968,0.379541,-0.464317,3
15.9,1.226434,0.298346,-0.525213,3
15.95,1.231625,0.20396,-0.559027,3
16,1.237485,0.097406,-0.569813,3
16.05,1.243916,-0.019511,-0.561887,3
16.1,1.250699,-0.142843,-0.53811,3
16.15,1.257424,-0.265106,-0.499699,3
16.2,1.263505,-0.375668,-0.446866,3
16.25,1.268374,-0.464202,-0.379656,3
16.3,1.271726,-0.525141,-0.298482,3
16.35,1.273587,-0.558994,-0.204115,3
16.4,1.274182,-0.569811,-0.097579,3
16.45,1.274182,-0.561912,0.019325,3
16.5,1.275489,-0.538158,0.142652,3
16.55,1.2776,-0.49977,0.264924,3
16.6,1.280505,-0.446958,0.375512,3
16.65,1.2842,-0.37977,0.464086,3
16.7,1.288664,-0.298617,0.525069,3
16.75,1.293853,-0.20427,0.558961,3
16.8,1.299711,-0.097751,0.56981,3
16.85,1.30614,0.019139,0.561937,3
16.9,1.312923,0.142461,0.538206,3
16.95,1.319648,0.264742,0.49984,3
17,1.325732,0.375357,0.447051,3
17.05,1.330606,0.46397,0.379884,3
17.1,1.333962,0.524996,0.298752,3
17.15,1.335829,0.558928,0.204424,3
17.2,1.336427,0.569809,0.097923,3
17.25,1.336427,0.561961,-0.018953,3
17.3,1.337731,0.538254,-0.14227,3
17.35,1.33984,0.49991,-0.26456,3
17.4,1.342742,0.447143,-0.375202,3
17.45,1.346435,0.379998,-0.463855,3
17.5,1.350896,0.298887,-0.524924,3
17.55,1.356083,0.204579,-0.558895,3
17.6,1.36194,0.098096,-0.569807,3
17.65,1.368367,-0.018767,-0.561986,3
17.7,1.375149,-0.142079,-0.538301,3
17.75,1.381876,-0.264378,-0.49998,3
17.8,1.387962,-0.375046,-0.447235,3
17.85,1.392841,-0.463739,-0.380112,3
17.9,1.396202,-0.524852,-0.299022,3
17.95,1.398072,-0.558861,-0.204733,3
18,1.398674,-0.569806,-0.098268,3
18.05,1.398674,-0.562011,0.018581,3
18.1,1.399976,-0.538349,0.141888,3
18.15,1.402082,-0.50005,0.264196,3
18.2,1.404982,-0.447327,0.374891,3
18.25,1.408672,-0.380226,0.463623,3
18.3,1.413131,-0.299157,0.52478,3
18.35,1.418316,-0.204888,0.558828,3
18.4,1.424171,-0.09844,0.569804,3
18.45,1.430597,0.018395,0.562035,3
18.5,1.437378,0.141696,0.538397,3
18.55,1.444106,0.264014,0.50012,3
18.6,1.450195,0.374735,0.447419,3
18.65,1.455078,0.463508,0.38034,3
18.7,1.458444,0.524707,0.299292,3
18.75,1.460319,0.558795,0.205043,3
18.8,1.460924,0.569803,0.098613,3
18.85,1.460924,0.56206,-0.018209,3
18.9,1.462223,0.538445,-0.141505,3
18.95,1.464327,0.500189,-0.263832,3
19,1.467224,0.447511,-0.37458,3
19.05,1.470912,0.380454,-0.463392,3
19.1,1.475369,0.299427,-0.524635,3
19.15,1.480551,0.205197,-0.558761,3
19.2,1.486404,0.098785,-0.569801,3
19.25,1.492829,-0.018023,-0.562085,3
19.3,1.49961,-0.141314,-0.538492,3
19.35,1.506338,-0.26365,-0.500259,3
19.4,1.512431,-0.374424,-0.447603,3
19.45,1.517317,-0.463276,-0.380568,3
19.5,1.520688,-0.524562,-0.299562,3
19.55,1.522567,-0.558728,-0.205352,3
19.6,1.523176,-0.5698,-0.098957,3
19.65,1.523176,-0.562109,0.017837,3
19.7,1.524473,-0.53854,0.141123,3
19.75,1.526574,-0.500329,0.263468,3
19.8,1.529469,-0.447695,0.374268,3
19.85,1.533155,-0.380682,0.46316,3
19.9,1.537609,-0.299696,0.524489,3
19.95,1.542789,-0.205506,0.558694,3
20,1.54864,-0.099129,0.569798,3
20.05,1.555063,0.017651,0.562134,3
20.1,1.561844,0.140932,0.538588,3
20.15,1.568573,0.263286,0.500399,3
20.2,1.574668,0.374113,0.447787,3
20.25,1.57956,0.463044,0.380796,3
20.3,1.582935,0.524417,0.299831,3
20.35,1.584819,0.55866,0.205661,3
20.4,1.585431,0.569796,0.099301,3
20.45,1.585431,0.562158,-0.017465,3
20.5,1.586725,0.538635,-0.14074,3
20.55,1.588824,0.500469,-0.263104,3
20.6,1.591716,0.447879,-0.373957,3
20.65,1.5954,0.38091,-0.462927,3
20.7,1.599852,0.299966,-0.524344,3
20.75,1.60503,0.205815,-0.558627,3
20.8,1.610879,0.099473,-0.569795,3
20.85,1.6173,-0.01728,-0.562183,3
20.9,1.62408,-0.140549,-0.538683,3
20.95,1.63081,-0.262921,-0.500538,3
21,1.636909,-0.373801,-0.447971,3
21.05,1.641804,-0.462811,-0.381024,3
21.1,1.645185,-0.524271,-0.300101,3
21.15,1.647072,-0.558593,-0.205969,3
21.2,1.647688,-0.569793,-0.099645,3
21.25,1.647688,-0.562207,0.017094,3
21.3,1.64898,-0.53873,0.140358,3
21.35,1.651076,-0.500608,0.262739,3
21.4,1.653966,-0.448063,0.373645,3
21.45,1.657647,-0.381137,0.462695,3
21.5,1.662097,-0.300236,0.524198,3
21.55,1.667273,-0.206124,0.558559,3
21.6,1.67312,-0.099817,0.569791,3
21.65,1.67954,0.016908,0.562231,3
21.7,1.686319,0.140167,0.538778,3
21.75,1.69305,0.262557,0.500678,3
21.8,1.699152,0.373489,0.448155,3
21.85,1.704052,0.462579,0.381251,3
21.9,1.707437,0.524125,0.30037,3
21.95,1.709329,0.558525,0.206278,3
22,1.709948,0.569789,0.099989,3
22.05,1.709948,0.562256,-0.016722,3
22.1,1.711237,0.538825,-0.139976,3
22.15,1.713331,0.500747,-0.262375,3
22.2,1.716219,0.448247,-0.373333,3
22.25,1.719897,0.381365,-0.462462,3
22.3,1.724344,0.300505,-0.524052,3
22.35,1.729518,0.206432,-0.558491,3
22.4,1.735363,0.100161,-0.569787,3
22.45,1.741782,-0.016536,-0.56228,3
22.5,1.74856,-0.139785,-0.538872,3
22.55,1.755293,-0.262192,-0.500817,3
22.6,1.761397,-0.373177,-0.448338,3
22.65,1.766301,-0.462346,-0.381479,3
22.7,1.769691,-0.523979,-0.30064,3
22.75,1.771587,-0.558457,-0.206586,3
22.8,1.77221,-0.569785,-0.100333,3
22.85,1.77221,-0.562304,0.01635,3
22.9,1.773497,-0.53892,0.139593,3
22.95,1.775588,-0.500886,0.26201,3
23,1.778473,-0.44843,0.373021,3
23.05,1.78215,-0.381592,0.462229,3
23.1,1.786595,-0.300774,0.523906,3
23.15,1.791766,-0.206741,0.558423,3
23.2,1.797609,-0.100505,0.569783,3
23.25,1.804026,0.016165,0.562329,3
23.3,1.810804,0.139402,0.538967,3
23.35,1.817538,0.261828,0.500956,3
23.4,1.823645,0.372865,0.448522,3
23.45,1.828553,0.462112,0.381706,3
23.5,1.831948,0.523833,0.300909,3
23.55,1.833849,0.558389,0.206895,3
23.6,1.834475,0.569781,0.100677,3
23.65,1.834475,0.562353,-0.015979,3
23.7,1.835759,0.539014,-0.139211,3
23.75,1.837848,0.501025,-0.261645,3
23.8,1.840731,0.448614,-0.372709,3
23.85,1.844404,0.381819,-0.461996,3
23.9,1.848847,0.301043,-0.52376,3
23.95,1.854017,0.207049,-0.558355,3
24,1.859858,0.100849,-0.569779,3
24.05,1.866273,-0.015793,-0.562377,3
24.1,1.873051,-0.13902,-0.539062,3
24.15,1.879785,-0.261463,-0.501095,3
24.2,1.885895,-0.372552,-0.448705,3
24.25,1.890808,-0.461879,-0.381933,3
24.3,1.894207,-0.523686,-0.301178,3
24.35,1.896112,-0.558321,-0.207203,3
24.4,1.896742,-0.569777,-0.101021,3
24.45,1.896742,-0.562401,0.015608,3
24.5,1.898023,-0.539109,0.138829,3
24.55,1.90011,-0.501164,0.261281,3
24.6,1.90299,-0.448797,0.372396,3
24.65,1.906662,-0.382047,0.461762,3
24.7,1.911102,-0.301312,0.523613,3
24.75,1.91627,-0.207357,0.558287,3
24.8,1.922109,-0.101193,0.569775,3
24.85,1.928522,0.015422,0.562425,3
24.9,1.935299,0.138638,0.539156,3
24.95,1.942035,0.261098,0.501234,3
25,1.948147,0.37224,0.448888,3
25.05,1.953065,0.461645,0.38216,3
25.1,1.956469,0.523539,0.301447,3
25.15,1.958378,0.558252,0.207511,3
25.2,1.959012,0.569772,0.101365,3
25.25,1.959012,0.562449,-0.015236,3
25.3,1.96029,0.539203,-0.138446,3
25.35,1.962375,0.501303,-0.260916,3
25.4,1.965253,0.44898,-0.372083,3
25.45,1.968921,0.382273,-0.461528,3
25.5,1.973359,0.301581,-0.523466,3
25.55,1.978525,0.207665,-0.558218,3
25.6,1.984362,0.101537,-0.56977,3
25.65,1.990774,-0.01505,-0.562473,3
25.7,1.99755,-0.138255,-0.53925,3
25.75,2.004287,-0.260733,-0.501372,3
25.8,2.010402,-0.371927,-0.449071,3
25.85,2.015324,-0.461411,-0.382387,3
25.9,2.018733,-0.523392,-0.301716,3
25.95,2.020647,-0.558184,-0.207819,3
26,2.021284,-0.569768,-0.101708,3
26.05,2.021284,-0.562497,0.014865,3
26.1,2.02256,-0.539297,0.138064,3
26.15,2.024642,-0.501442,0.260551,3
26.2,2.027517,-0.449163,0.37177,3
26.25,2.031184,-0.3825,0.461294,3
26.3,2.035619,-0.30185,0.523319,3
26.35,2.040782,-0.207973,0.558149,3
26.4,2.046618,-0.10188,0.569765,3
26.45,2.053028,0.014679,0.562521,3
26.5,2.059804,0.137873,0.539345,3
26.55,2.066541,0.260368,0.501511,3
26.6,2.07266,0.371614,0.449254,3
26.65,2.077586,0.461177,0.382614,3
26.7,2.081,0.523245,0.301984,3
26.75,2.082917,0.558115,0.208127,3
26.8,2.083558,0.569763,0.102052,3
26.85,2.083558,0.562545,-0.014494,3
26.9,2.084831,0.539392,-0.137682,3
26.95,2.086911,0.50158,-0.260186,3
27,2.089784,0.449346,-0.371457,3
27.05,2.093448,0.382727,-0.46106,3
27.1,2.097881,0.302119,-0.523171,3
27.15,2.103042,0.208281,-0.55808,3
27.2,2.108876,0.102224,-0.569761,3
27.25,2.115285,-0.014308,-0.562569,3
27.3,2.12206,-0.13749,-0.539439,3
27.35,2.128798,-0.260003,-0.501649,3
27.4,2.134919,-0.371301,-0.449437,3
27.45,2.13985,-0.460943,-0.38284,3
27.5,2.143268,-0.523097,-0.302253,3
27.55,2.14519,-0.558046,-0.208435,3
27.6,2.145835,-0.569758,-0.102395,3
27.65,2.145835,-0.562592,0.014122,3
27.7,2.147106,-0.539485,0.137299,3
27.75,2.149183,-0.501718,0.25982,3
27.8,2.152053,-0.449528,0.371144,3
27.85,2.155715,-0.382953,0.460825,3
27.9,2.160146,-0.302387,0.523023,3
27.95,2.165305,-0.208589,0.558011,3
28,2.171136,-0.102567,0.569756,3
28.05,2.177544,0.013937,0.562616,3
28.1,2.184318,0.137108,0.539532,3
28.15,2.191057,0.259638,0.501788,3
28.2,2.197182,0.370987,0.44962,3
28.25,2.202116,0.460708,0.383067,3
28.3,2.205539,0.522949,0.302521,3
28.35,2.207466,0.557976,0.208743,3
28.4,2.208114,0.569753,0.102738,3
28.45,2.208114,0.56264,-0.013751,3
28.5,2.209382,0.539579,-0.136917,3
28.55,2.211457,0.501857,-0.259455,3
28.6,2.214325,0.449711,-0.37083,3
28.65,2.217984,0.38318,-0.46059,3
28.7,2.222413,0.302655,-0.522875,3
28.75,2.22757,0.208897,-0.557941,3
28.8,2.233399,0.10291,-0.56975,3
28.85,2.239805,-0.013566,-0.562664,3
28.9,2.246579,-0.136726,-0.539626,3
28.95,2.253319,-0.259272,-0.501926,3
29,2.259446,-0.370673,-0.449802,3
29.05,2.264385,-0.460473,-0.383293,3
29.1,2.267813,-0.522801,-0.30279,3
29.15,2.269744,-0.557907,-0.209051,3
29.2,2.270395,-0.569748,-0.103082,3
29.25,2.270395,-0.562687,0.01338,3
29.3,2.271661,-0.539673,0.136534,3
29.35,2.273733,-0.501995,0.25909,3
29.4,2.276599,-0.449893,0.370516,3
29.45,2.280255,-0.383406,0.460355,3
29.5,2.284682,-0.302924,0.522727,3
29.55,2.289837,-0.209204,0.557872,3
29.6,2.295664,-0.103253,0.569745,3
29.65,2.302068,0.013195,0.562711,3
29.7,2.308842,0.136343,0.53972,3
29.75,2.315583,0.258907,0.502064,3
29.8,2.321713,0.370359,0.449985,3
29.85,2.326656,0.460237,0.383519,3
29.9,2.330089,0.522653,0.303058,3
29.95,2.332024,0.557837,0.209358,3
30,2.332679,0.569742,0.103425,3
30.05,2.332679,0.562734,-0.013009,3
30.1,2.333942,0.539766,-0.136152,3
30.15,2.336012,0.502133,-0.258724,3
30.2,2.338875,0.450076,-0.370202,3
