condition,run,alpha,phi,initial_a1,initial_a2,amplitude_o1,amplitude_o2,period_o1_steps,period_o2_steps,phase_lag_steps
A0,1,1.1,0.2,0.1,0.0,0.5698300011866867,0.5698299835177079,32.0,32.0,-8.0
A0,2,1.1,0.2,0.0,0.1,0.5698299835177079,0.5698300011866867,32.0,32.0,-8.0
A0,3,1.1,0.2,0.1,0.1,0.5697843144814034,0.5697862953054917,32.0,32.0,-8.0
A1,1,1.1,0.4,0.1,0.0,0.5704224668398855,0.5704261191502581,15.76,15.76,-3.9607843137254903
A1,2,1.1,0.4,0.0,0.1,0.5704261191502581,0.5704224668398855,15.76,15.76,-3.9215686274509802
A1,3,1.1,0.4,0.1,0.1,0.5704263419290098,0.5704256022699952,15.76,15.76,-3.9607843137254903
A2,1,1.3,0.2,0.1,0.0,0.8212273121172085,0.8212181815981503,36.76190476190476,36.76190476190476,-9.227272727272727
A2,2,1.3,0.2,0.0,0.1,0.8212181815981503,0.8212273121172085,36.76190476190476,36.76190476190476,-9.181818181818182
A2,3,1.3,0.2,0.1,0.1,0.8212268079963989,0.8212210467915005,36.714285714285715,36.76190476190476,-9.227272727272727
